"path","size","sha256","kind"
"APFtypes.pdf","66286","640a7ba45ddbb9d56257583a8b656a20acc9264e43a4d7d9e58aa39d8857ec10","data"
"BehringerMods_Midi2Cat_v2.pdf","1067842","8f12a72997ce1969f24cac3fe63b3ec3a7a1870ffed00aa395a8793c87c24601","data"
"calculus","929296","de43a4b9c7db4445997e6452852980d58d2558d635ab3c63e6423a347ba326c3","data"
"CATStructs.xml","79759","f3eceafae604d8d5162b22d1b34b5ff87fa2617b0510eea7cb13c73a6a64c418","data"
"ChannelMaster.dll","122368","36f3da24662f921ec6f4445d58834d7a4806fcf20b5a0898574a6d7092c06a2c","native-pe"
"cmASIO Guide.pdf","586257","a17320bd7f4dccf997049f536cca998e3b2d8c582fbf5ee351a51f56432dfa82","data"
"cmASIO.dll","23552","9c527993a884cb2160b2c73b147cfa87ebfc07c59031a6b9cfc38f373bcddb41","native-pe"
"Discord.Net.Commands.dll","136192","9eda875c3c361136095db0d5e497f7f4f7e0831f480304a653d0b8504da5811c","managed-pe"
"Discord.Net.Core.dll","908800","243da37b0d33f6f24b1e45afc75e2d6a424fa2c04c171b2344a63f66c1a7a122","managed-pe"
"Discord.Net.Interactions.dll","238592","1e1806f93d47e30836928cc45ee6a9bc17cb73d8ce2d200619a27d769553899f","managed-pe"
"Discord.Net.Rest.dll","1479680","4352cbe6bd8756ac7655af3d07e3836c7fc86dd5a7a4b5558b3e87a10d2753ab","managed-pe"
"Discord.Net.Webhook.dll","31744","9327b7bba8c79742cbf32da450911ed22c86442197a0c958a6972d61c285fb36","managed-pe"
"Discord.Net.WebSocket.dll","936960","af980b24ada6130486b83cf2203862699080d6ff4a5f08045efe1e19ed99c5e0","managed-pe"
"ExCSS.dll","346112","05470f413caf55cc511e83a5f114f7fc54815f330eb956578c6714515526c9da","managed-pe"
"FTDI2XX.dll","67072","3d3a24882d78894ba3caee20fea0eb48089bde85985cb6f987157321fdd7b1b5","managed-pe"
"HtmlAgilityPack.dll","172544","32b0c05ce48354499ab11dea7cbb7ddb705e81c59415fee2b65bd98b30652164","managed-pe"
"libfftw3-3.dll","2625304","a1355362bcc9aa5cc35da66f62522dbb34f6c721b873246ff95151a370cbcb9a","native-pe"
"libfftw3f-3.dll","2692396","1a87baafee0cfe0ee9fa9d5e2d748df6ffa0c18a0fb46e6884c925cf620c8b3d","native-pe"
"libSkiaSharp.dll","11611680","8b097d433db94fe61aba85213184938fb36118afd542d33252dd83794fdd9afc","native-pe"
"Markdig.dll","500736","2a79c1c7138d099b8d9f363f37d25ce56abfdf42a6172f6c19a09161bc7ba849","managed-pe"
"Microsoft.Bcl.AsyncInterfaces.dll","28432","f89f62aee959e03cfc50c646d38b50085c5862cec86f519254dbb7a3381939bc","managed-pe"
"Microsoft.Bcl.HashCode.dll","26920","3a4e851ee5fc0f6182aa5a3d65dc56fcd6979b65334b5c3b92fbdc791457c0ab","managed-pe"
"Microsoft.Bcl.Memory.dll","78088","729fb9b12f92b31ccddf56fd628e167569463ccad1689bde897617f8a23222f7","managed-pe"
"Microsoft.CodeAnalysis.CSharp.dll","8571152","34ce616b610be07f61a345e01aa317a0dd78fd32b4ddaafa1ebb28c526341099","managed-pe"
"Microsoft.CodeAnalysis.CSharp.Scripting.dll","35600","6bc6e6e0fd1628a6490f07b0d412da21df8f490f553b5931f200ae73cec23b19","managed-pe"
"Microsoft.CodeAnalysis.dll","5166384","d6c489f45a19b5ead980e5f6272293f1fe71cc721ed1f0d20d6e59da9d592e22","managed-pe"
"Microsoft.CodeAnalysis.Scripting.dll","137528","fcda3f5ba04c2820ea186f91856f75fbfe07b0b92cae1aefdffcb56450623e9a","managed-pe"
"Microsoft.Extensions.DependencyInjection.Abstractions.dll","66320","30675dcc4e875cd25a3140108600c3b562421f67f9b773cdffe61f35b3021a78","managed-pe"
"Microsoft.NET.StringTools.dll","33040","c91ee622ceb67b03d40c11f98284deaaa5ef4f22053210b9a2a254a286da15e3","managed-pe"
"Microsoft.Win32.Registry.dll","26496","e9a9d281c1a708aaae366f82fd6a1742f65da2918cc4fa5eaaaada0be24277d9","managed-pe"
"Midi2Cat_Instructions_V3.pdf","2524497","44ec41d81e90a033e0538bb6f922f975836bd1132b27ffe1c067ba6f6cbd4dca","data"
"Midi2Cat.dll","104448","221a950e643a0fde1c5cdfdca05ea5ae62eb4f1365bd0d363a6bcbb17e54e513","managed-pe"
"NAudio.Asio.dll","34304","504dd507c34817a8a8be1965e82dd091ff0f5a85ba444ea784783f196677bfd1","managed-pe"
"NAudio.Core.dll","187904","4f8d8c4140146674b103c8a3c46fbc4c768a86c0012a167168e3f7da2b3e5c09","managed-pe"
"NAudio.dll","7680","5dca4b3b7f1f2abdd2f94d3a056e4c414605da248612f02a0d2ab38083aa8ef8","managed-pe"
"NAudio.Midi.dll","46592","7796a9ec97a1ff29e682855839845da9fe26b6ddcc34addbb514cd73e7a9f02a","managed-pe"
"NAudio.Wasapi.dll","180224","a05e371abf96195770ac4f84653d987d63731fed528e98c7fe0d10ce66e37d7e","managed-pe"
"NAudio.WinForms.dll","33792","82a92cb6b9001e013c653c65e4ae460346770ec7512856879e63018d9cafc41a","managed-pe"
"NAudio.WinMM.dll","57856","3c8359bb74c6dabd2ec8ba561ffa163f24859ff5aef724fb5794073e2e883a02","managed-pe"
"Newtonsoft.Json.dll","721320","f0c07af0e84d4dd4da4bd7823ba4535bc0481b3bf623ed40b659b68147a6bb75","managed-pe"
"PA19.dll","180224","4fef88f1d68922f8c671c4a1c0f1ac3758825d93caa46659b46c72b5cc2a89d7","native-pe"
"PureSignal.pdf","690538","1a2f3eb6a2da72d594a7afd2d90377292a94988a6a0a47fb481f6e9c9c274ef9","data"
"RawInput.dll","27136","f5bd2b33eec5b81ff5aba167dfc7b0a539102939d13b6fd6b7692d55d7041f13","managed-pe"
"ReleaseNotes.txt","68561","c2e051ccfd4f9f5f744757feab7c58fcc70ee62f1c2b56e2f5bb7216ce76ea64","data"
"rnnoise_avx2.dll","5765120","8bbb302c1f9fed7bbbdf8551f2d850a59639daf94069a6b0866b36106df99c6e","native-pe"
"rnnoise_weights_large.bin","3544320","1ad07b428be34c74d9678d05b3c387b73ccf0e6203a1a5f9ce58689b30b303c8","binary"
"rnnoise_weights_small.bin","1553664","69fbd33c10d90e294673427f71fc4a592398d847efb2db19c99484f88b9343e4","binary"
"rnnoise.dll","5768704","93194895caf2246d2bc94268c3cc3e822a2087de6ab6ffa202df49bc586181d5","native-pe"
"SharpDX.Desktop.dll","46080","924c87f90b87b36fbb6dee401431abf7e2ffcf767fb773eb72771ea85a8d3a19","managed-pe"
"SharpDX.Direct2D1.dll","495616","9f4b5e240cb42ce903082f81633bba0c781c1e684fd5903bc3915e3805b5e83e","managed-pe"
"SharpDX.Direct3D11.dll","283136","56f525e33494f4cd2a560a71cdf237303a3fb54a8fa44e1693eba35c9245c60a","managed-pe"
"SharpDX.dll","274944","a0af255ea4b09a8cdb995b8c6fd1075e46f098e23c2351c974e6ded9b8b620cf","managed-pe"
"SharpDX.DXGI.dll","148480","bc0243134c93c55ea105d0e9c2a43b6030e973290d0a061cf3a61986a2268a88","managed-pe"
"SharpDX.Mathematics.dll","215552","4c9615496970ea84320e2a6e99f8fb828e3c7790384df5585d93fc368885d94e","managed-pe"
"SkiaSharp.dll","747552","9e379211b9438087befe86e4a2392334193f34c7793430bac50ecc7e90d70af8","managed-pe"
"SkinsAPF/btnAPF_type-0.png","178","9b84a58fa6065d4903f761a361ed47b4222d584c3f5ded3bccf975f1f325f239","data"
"SkinsAPF/btnAPF_type-1.png","178","e020e570e3148619b7ee2a67267a3ae3bc887248e1aa5b4d9dc4a4cfce97eb9b","data"
"SkinsAPF/btnAPF_type-2.png","176","ad322cdd6999ff396b1c1beb8f884ba913c3d74dca16168ec1045628afa7f3fb","data"
"SkinsAPF/btnAPF_type-3.png","178","9b84a58fa6065d4903f761a361ed47b4222d584c3f5ded3bccf975f1f325f239","data"
"SkinsAPF/btnAPF_type-4.png","178","47cd6d2cf1af03af0e12a1ced97a1dee8db215211a1ccc4873800a4cfffdea30","data"
"SkinsAPF/btnAPF_type-5.png","178","4e362737862a5236123b94060bd10223310e9c82fef171320a863a71f4a46a7c","data"
"SkinsAPF/btnAPF_type-6.png","178","7630d998b8d5a2dfe9f9af6729cd6d07a82785358ab13596a5c539454ea6a98d","data"
"SkinsAPF/btnAPF_type-7.png","178","4e362737862a5236123b94060bd10223310e9c82fef171320a863a71f4a46a7c","data"
"specbleach.dll","41472","87fff608aeea613815457714af6c8cd1d1d0efb27c809959014d26d6dbed0700","native-pe"
"Svg.dll","687616","47780873fd8313c620ea5c5fae74a253d69507c5aef76e882db06b4a18c5ae45","managed-pe"
"System.Buffers.dll","23816","2d78d770c9cb997199154ae8c018b9f1d1efbc86729f7264dde6dbad2a12cac3","managed-pe"
"System.CodeDom.dll","34056","e733e2626089bb2a6b61891d73c8a331c908b41283e3fc9de90eb2cb911d8da8","managed-pe"
"System.Collections.Immutable.dll","253240","76027956c9a116dac74749b1bbe901a31bfb91bf6fa3be139dac20faedbd7a62","managed-pe"
"System.Drawing.Common.dll","49936","081e9102c7a296f63e6534195720587580d0cbc3b75647c416e8e1102d2a72bb","managed-pe"
"System.Formats.Nrbf.dll","71432","4d02deafd354c1ee34a92b4a38987db44c292331800bec1b8b243efb025caefb","managed-pe"
"System.Interactive.Async.dll","365520","399e17fea584ab79ed39f7a658e3d65d0be6c283761678b68ddee493e670d61b","managed-pe"
"System.Linq.Async.dll","1187792","a6bcc3b113c94ae909fb61a2e72ee78308a10e3108efe6f60e64881d9f24e479","managed-pe"
"System.Linq.AsyncEnumerable.dll","461064","23fcea8d204b86a3b19b560548421c38f69624863d5d199c33e5d0f091382c0a","managed-pe"
"System.Memory.dll","145200","d5e8e4866f9cfa66f7765660f84b210198893e55335487afe5ebda342c0e913d","managed-pe"
"System.Numerics.Vectors.dll","110344","20c2fa81b8c70d651099d762954f285fd4f942e63b2d7217c145dab8d4b2f4c9","managed-pe"
"System.Reactive.dll","1364432","e7da3097fd6c39018c38b9dc4dfe85005bde036cb01bec4b3bfcb007d64db7a0","managed-pe"
"System.Reflection.Metadata.dll","515336","501348d577e98123a8c4de88849b1b82b3f0d0157f325e060233fe03ff6eb790","managed-pe"
"System.Resources.Extensions.dll","116016","e32ed1de4104a122bf3deede49ab061e6c3bc04790c346b640cb0bc27133a2b4","managed-pe"
"System.Runtime.CompilerServices.Unsafe.dll","19256","08cbd7278b66f1e68425a82d4b97181a4130d93e3dd91831407aba7212ccdacf","managed-pe"
"System.Security.AccessControl.dll","37136","8e71e09c1a2706704333d3ad20e286ace441c8b512dd2dbb6dc69540daec54c8","managed-pe"
"System.Security.Principal.Windows.dll","18312","b4d8e15adc235d0e858e39b5133e5d00a4baa8c94f4f39e3b5e791b0f9c0c806","managed-pe"
"System.Text.Encoding.CodePages.dll","769840","7f06943836fd097bce2b90d5218f9fd4efa55fe851d8c84a5390544e7de7ff6d","managed-pe"
"System.Threading.Tasks.Extensions.dll","27960","af4e13ef418fd89b432de20cd1dfb7fa10a7179c8dd049c9856316e50c5949ca","managed-pe"
"Thetis manual.pdf","13829540","e834ac74a9a5d0e150bb4f5504bf7363c1043ea474aa3ead83282a1aa4e7b8d6","data"
"Thetis Network Settings_0.2.pdf","481718","d89f8ab34f6aed68128b7d9c4aff1575435771bbcde633fa18ca4f31a11f488b","data"
"Thetis-CAT-Command-Reference-Guide-V3.pdf","6506808","a893e3c24eea802804cabbe6d289a945a1935485b2cd2820f6ae9e9a2499dae7","data"
"Thetis.exe","10698752","e25bf32f10b1502c6d84dbb5423a41197117bab7904d03c7c945061ac71c7f76","managed-pe"
"Thetis.exe.config","4519","fd030de95907c67440352d221dd4f61b7a9766987c9ccc369f416fafdb31476e","data"
"waterfall_fft_bitreverse_cs.bin","2276","9c48f4a1de33e5bfeabf0751e7ec57836bcdd3c27d36081d9a3e49891a8cc554","binary"
"waterfall_fft_magnitude_cs.bin","12708","ee479ed292de6f12c2891e5ea42cd6dd482014bee33c8a1662a5bcfe5ae8a0eb","binary"
"waterfall_fft_stage_ab_cs.bin","2432","ef7a9ec2b92439b61a7a2a9396b8ed1094ea695626e878d3f794961a98ad7e96","binary"
"waterfall_fft_stage_ba_cs.bin","2432","c30527f7646b249aa99aa2080b76424b5dde4326270483c67881f5e27cf894a5","binary"
"waterfall_postproc.bin","2348","62680f4d53cc858f7231c6fd7f56e2033c71f7b58374b01d243a637bd4e30974","binary"
"waterfall_resolve_cs.bin","1348","177ecb3094e535fbbd6a3594767f0a272c4e1d913f2763abbb07249ce34ba171","binary"
"waterfall_row_cs.bin","6372","d607aabe134dc2345f16841ac6cc0e99df3129fa42afea29a2a265d1e9c03cc6","binary"
"wdsp.dll","5617664","4248ae115a62e2fb692ecdb4db3ceebb4c7ca6d789d703713161accfb84440cf","native-pe"
"WindowsFirewallHelper.dll","200704","ee82486413d69f4e69c75d6ffe11e0c764ad62f2ad7ded04f56028e5307f4ab6","managed-pe"
