entry,name,signature,status,chunk
"180001000","FUN_180001000","undefined8 __fastcall FUN_180001000(undefined8 * param_1, char * param_2)","OK","cmASIO.dll.decompiled.part-0001.c"
"1800011e0","FUN_1800011e0","undefined __fastcall FUN_1800011e0(undefined8 * param_1)","OK","cmASIO.dll.decompiled.part-0001.c"
"180001260","FUN_180001260","int * __fastcall FUN_180001260(HKEY param_1, LPBYTE param_2, int param_3, int * param_4)","OK","cmASIO.dll.decompiled.part-0001.c"
"180001610","FUN_180001610","undefined8 __fastcall FUN_180001610(void)","OK","cmASIO.dll.decompiled.part-0001.c"
"180001620","FUN_180001620","undefined * __fastcall FUN_180001620(void)","OK","cmASIO.dll.decompiled.part-0001.c"
"180001630","FUN_180001630","int __fastcall FUN_180001630(undefined8 param_1, undefined8 param_2, undefined8 param_3, undefined8 param_4)","OK","cmASIO.dll.decompiled.part-0001.c"
"180001690","FUN_180001690","undefined8 __fastcall FUN_180001690(longlong param_1)","OK","cmASIO.dll.decompiled.part-0001.c"
"180001910","FUN_180001910","undefined8 __fastcall FUN_180001910(undefined8 * param_1, int param_2)","OK","cmASIO.dll.decompiled.part-0001.c"
"1800019c0","FUN_1800019c0","undefined __fastcall FUN_1800019c0(int param_1)","OK","cmASIO.dll.decompiled.part-0001.c"
"180001b30","_guard_check_icall","undefined __fastcall _guard_check_icall(void)","OK","cmASIO.dll.decompiled.part-0001.c"
"180001bb0","FUN_180001bb0","int __fastcall FUN_180001bb0(longlong param_1, int param_2, int param_3, int param_4, int param_5)","OK","cmASIO.dll.decompiled.part-0001.c"
"180001ed0","prepareASIO","undefined8 __fastcall prepareASIO(undefined4 param_1, undefined4 param_2, undefined8 * param_3, undefined8 param_4, int param_5, uint param_6)","OK","cmASIO.dll.decompiled.part-0001.c"
"1800024f0","unloadASIO","undefined __fastcall unloadASIO(void)","OK","cmASIO.dll.decompiled.part-0001.c"
"1800025a0","getASIODriverString","uint __fastcall getASIODriverString(char * param_1)","OK","cmASIO.dll.decompiled.part-0001.c"
"1800026a0","getASIOBlockNum","uint __fastcall getASIOBlockNum(PVOID param_1)","OK","cmASIO.dll.decompiled.part-0001.c"
"180002790","asioStart","uint __fastcall asioStart(void)","OK","cmASIO.dll.decompiled.part-0001.c"
"180002820","asioStop","uint __fastcall asioStop(void)","OK","cmASIO.dll.decompiled.part-0001.c"
"1800028b0","getASIOBaseInputChannel","uint __fastcall getASIOBaseInputChannel(PVOID param_1)","OK","cmASIO.dll.decompiled.part-0001.c"
"1800029a0","getASIOBaseOutputChannel","uint __fastcall getASIOBaseOutputChannel(PVOID param_1)","OK","cmASIO.dll.decompiled.part-0001.c"
"180002a90","getASIOInputMode","uint __fastcall getASIOInputMode(PVOID param_1)","OK","cmASIO.dll.decompiled.part-0001.c"
"180002b80","GetCMasioVersion","undefined8 __fastcall GetCMasioVersion(void)","OK","cmASIO.dll.decompiled.part-0001.c"
"180002ba0","__security_check_cookie","void __cdecl __security_check_cookie(uintptr_t _StackCookie)","OK","cmASIO.dll.decompiled.part-0001.c"
"180002bc0","FUN_180002bc0","undefined __fastcall FUN_180002bc0(void)","OK","cmASIO.dll.decompiled.part-0001.c"
"180002bd0","FUN_180002bd0","undefined __fastcall FUN_180002bd0(size_t param_1)","OK","cmASIO.dll.decompiled.part-0001.c"
"180002c20","free","void __cdecl free(void * _Memory)","OK","cmASIO.dll.decompiled.part-0001.c"
"180002c30","thunk_FUN_180002bd0","undefined __fastcall thunk_FUN_180002bd0(size_t param_1)","OK","cmASIO.dll.decompiled.part-0001.c"
"180002c40","FUN_180002c40","ulonglong __fastcall FUN_180002c40(undefined8 param_1, int param_2, longlong param_3)","OK","cmASIO.dll.decompiled.part-0001.c"
"180002ca0","FUN_180002ca0","undefined8 __fastcall FUN_180002ca0(undefined8 param_1, undefined8 param_2)","OK","cmASIO.dll.decompiled.part-0001.c"
"180002db0","FUN_180002db0","ulonglong __fastcall FUN_180002db0(byte param_1)","OK","cmASIO.dll.decompiled.part-0001.c"
"180002e50","FUN_180002e50","ulonglong __fastcall FUN_180002e50(undefined8 param_1, int param_2, longlong param_3)","OK","cmASIO.dll.decompiled.part-0001.c"
"180002f90","entry","undefined __fastcall entry(undefined8 param_1, int param_2, longlong param_3)","OK","cmASIO.dll.decompiled.part-0001.c"
"180002fd0","FUN_180002fd0","undefined8 * __fastcall FUN_180002fd0(undefined8 * param_1, longlong param_2)","OK","cmASIO.dll.decompiled.part-0001.c"
"180003010","FUN_180003010","undefined8 * __fastcall FUN_180003010(undefined8 * param_1)","OK","cmASIO.dll.decompiled.part-0001.c"
"180003040","FUN_180003040","undefined8 * __fastcall FUN_180003040(undefined8 * param_1, longlong param_2)","OK","cmASIO.dll.decompiled.part-0001.c"
"180003080","FUN_180003080","undefined8 * __fastcall FUN_180003080(undefined8 * param_1)","OK","cmASIO.dll.decompiled.part-0001.c"
"1800030b0","exception","undefined __thiscall exception(exception * this, exception * param_1)","OK","cmASIO.dll.decompiled.part-0001.c"
"180003110","FUN_180003110","undefined8 * __fastcall FUN_180003110(undefined8 * param_1, ulonglong param_2)","OK","cmASIO.dll.decompiled.part-0001.c"
"180003160","FUN_180003160","noreturn undefined __fastcall FUN_180003160(void)","OK","cmASIO.dll.decompiled.part-0001.c"
"180003180","FUN_180003180","noreturn undefined __fastcall FUN_180003180(void)","OK","cmASIO.dll.decompiled.part-0001.c"
"1800031a0","FUN_1800031a0","char * __fastcall FUN_1800031a0(longlong param_1)","OK","cmASIO.dll.decompiled.part-0001.c"
"1800031c0","free","void __cdecl free(void * _Memory)","OK","cmASIO.dll.decompiled.part-0001.c"
"1800031d0","FUN_1800031d0","undefined __fastcall FUN_1800031d0(void)","OK","cmASIO.dll.decompiled.part-0001.c"
"180003290","FUN_180003290","undefined __fastcall FUN_180003290(void)","OK","cmASIO.dll.decompiled.part-0001.c"
"1800032a0","FUN_1800032a0","undefined __fastcall FUN_1800032a0(void)","OK","cmASIO.dll.decompiled.part-0001.c"
"1800032b0","FUN_1800032b0","undefined * __fastcall FUN_1800032b0(void)","OK","cmASIO.dll.decompiled.part-0001.c"
"1800032c0","FUN_1800032c0","undefined __fastcall FUN_1800032c0(void)","OK","cmASIO.dll.decompiled.part-0001.c"
"1800032e0","FUN_1800032e0","undefined8 __fastcall FUN_1800032e0(void)","OK","cmASIO.dll.decompiled.part-0001.c"
"180003330","FUN_180003330","undefined8 __fastcall FUN_180003330(void)","OK","cmASIO.dll.decompiled.part-0001.c"
"180003370","FUN_180003370","undefined4 __fastcall FUN_180003370(void)","OK","cmASIO.dll.decompiled.part-0001.c"
"1800033f0","FUN_1800033f0","undefined1 __fastcall FUN_1800033f0(void)","OK","cmASIO.dll.decompiled.part-0001.c"
"180003420","FUN_180003420","undefined1 __fastcall FUN_180003420(void)","OK","cmASIO.dll.decompiled.part-0001.c"
"180003440","FUN_180003440","undefined __fastcall FUN_180003440(undefined8 param_1, int param_2, undefined8 param_3, undefined * param_4, undefined4 param_5, undefined8 param_6)","OK","cmASIO.dll.decompiled.part-0001.c"
"180003490","FUN_180003490","undefined __fastcall FUN_180003490(void)","OK","cmASIO.dll.decompiled.part-0001.c"
"1800034d0","FUN_1800034d0","undefined __fastcall FUN_1800034d0(void)","OK","cmASIO.dll.decompiled.part-0001.c"
"1800034f0","FUN_1800034f0","undefined8 __fastcall FUN_1800034f0(int param_1)","OK","cmASIO.dll.decompiled.part-0001.c"
"180003530","FUN_180003530","undefined * __fastcall FUN_180003530(longlong param_1)","OK","cmASIO.dll.decompiled.part-0001.c"
"1800035d0","FUN_1800035d0","undefined8 __fastcall FUN_1800035d0(char param_1)","OK","cmASIO.dll.decompiled.part-0001.c"
"180003600","FUN_180003600","undefined1 __fastcall FUN_180003600(undefined8 param_1, char param_2)","OK","cmASIO.dll.decompiled.part-0001.c"
"180003630","FUN_180003630","undefined * __fastcall FUN_180003630(void)","OK","cmASIO.dll.decompiled.part-0001.c"
"180003640","FUN_180003640","undefined __fastcall FUN_180003640(undefined4 param_1)","OK","cmASIO.dll.decompiled.part-0001.c"
"180003650","FUN_180003650","undefined __fastcall FUN_180003650(void)","OK","cmASIO.dll.decompiled.part-0001.c"
"1800036a0","FUN_1800036a0","undefined __fastcall FUN_1800036a0(void)","OK","cmASIO.dll.decompiled.part-0001.c"
"1800036f0","FUN_1800036f0","undefined8 * __fastcall FUN_1800036f0(undefined8 * param_1, ulonglong param_2)","OK","cmASIO.dll.decompiled.part-0001.c"
"180003720","FUN_180003720","undefined8 __fastcall FUN_180003720(void)","OK","cmASIO.dll.decompiled.part-0001.c"
"1800039d0","FUN_1800039d0","bool __fastcall FUN_1800039d0(void)","OK","cmASIO.dll.decompiled.part-0001.c"
"1800039e6","__std_exception_copy","undefined __std_exception_copy(void)","OK","cmASIO.dll.decompiled.part-0001.c"
"1800039ec","__std_exception_destroy","undefined __std_exception_destroy(void)","OK","cmASIO.dll.decompiled.part-0001.c"
"1800039f2","_CxxThrowException","noreturn void __stdcall _CxxThrowException(void * pExceptionObject, ThrowInfo * pThrowInfo)","OK","cmASIO.dll.decompiled.part-0001.c"
"1800039f8","__std_type_info_destroy_list","undefined __std_type_info_destroy_list(void)","OK","cmASIO.dll.decompiled.part-0001.c"
"1800039fe","_callnewh","int __cdecl _callnewh(size_t _Size)","OK","cmASIO.dll.decompiled.part-0001.c"
"180003a04","malloc","void * __cdecl malloc(size_t _Size)","OK","cmASIO.dll.decompiled.part-0001.c"
"180003a0a","_initterm","undefined _initterm(void)","OK","cmASIO.dll.decompiled.part-0001.c"
"180003a10","_initterm_e","undefined _initterm_e(void)","OK","cmASIO.dll.decompiled.part-0001.c"
"180003a16","free","void __cdecl free(void * _Memory)","OK","cmASIO.dll.decompiled.part-0001.c"
"180003a1c","_seh_filter_dll","undefined _seh_filter_dll(void)","OK","cmASIO.dll.decompiled.part-0001.c"
"180003a22","_configure_narrow_argv","undefined _configure_narrow_argv(void)","OK","cmASIO.dll.decompiled.part-0001.c"
"180003a28","_initialize_narrow_environment","undefined _initialize_narrow_environment(void)","OK","cmASIO.dll.decompiled.part-0001.c"
"180003a2e","_initialize_onexit_table","undefined _initialize_onexit_table(void)","OK","cmASIO.dll.decompiled.part-0001.c"
"180003a34","_execute_onexit_table","undefined _execute_onexit_table(void)","OK","cmASIO.dll.decompiled.part-0001.c"
"180003a3a","_cexit","void __cdecl _cexit(void)","OK","cmASIO.dll.decompiled.part-0001.c"
"180003a40","FUN_180003a40","undefined1 __fastcall FUN_180003a40(void)","OK","cmASIO.dll.decompiled.part-0001.c"
"180003a50","FUN_180003a50","undefined8 __fastcall FUN_180003a50(void)","OK","cmASIO.dll.decompiled.part-0001.c"
"180003a60","FUN_180003a60","undefined8 __fastcall FUN_180003a60(undefined8 param_1, undefined8 param_2, undefined8 param_3, longlong param_4)","OK","cmASIO.dll.decompiled.part-0001.c"
"180003a80","FUN_180003a80","undefined __fastcall FUN_180003a80(undefined8 param_1, longlong param_2)","OK","cmASIO.dll.decompiled.part-0001.c"
"180003c45","memset","void * __cdecl memset(void * _Dst, int _Val, size_t _Size)","OK","cmASIO.dll.decompiled.part-0001.c"
"180003c4b","strcmp","int __cdecl strcmp(char * _Str1, char * _Str2)","OK","cmASIO.dll.decompiled.part-0001.c"
"180003c51","strcpy","char * __cdecl strcpy(char * _Dest, char * _Source)","OK","cmASIO.dll.decompiled.part-0001.c"
"180003c57","strlen","size_t __cdecl strlen(char * _Str)","OK","cmASIO.dll.decompiled.part-0001.c"
"180003c80","_guard_dispatch_icall","undefined __fastcall _guard_dispatch_icall(void)","OK","cmASIO.dll.decompiled.part-0001.c"
"180003ca0","_guard_dispatch_icall","undefined __fastcall _guard_dispatch_icall(void)","OK","cmASIO.dll.decompiled.part-0001.c"
"180003cb0","FUN_180003cb0","undefined __fastcall FUN_180003cb0(undefined8 param_1, longlong param_2)","OK","cmASIO.dll.decompiled.part-0001.c"
"180003cd0","FUN_180003cd0","undefined __fastcall FUN_180003cd0(undefined8 param_1, longlong param_2)","OK","cmASIO.dll.decompiled.part-0001.c"
"180003cea","FUN_180003cea","undefined __fastcall FUN_180003cea(void)","OK","cmASIO.dll.decompiled.part-0001.c"
"180003d00","FUN_180003d00","undefined __fastcall FUN_180003d00(undefined8 * param_1, longlong param_2)","OK","cmASIO.dll.decompiled.part-0001.c"
"180003d40","FUN_180003d40","bool __fastcall FUN_180003d40(undefined8 * param_1)","OK","cmASIO.dll.decompiled.part-0001.c"
